,tickers
0,CGPOWER.csv
1,PSUBNKBEES.csv
2,ESTER.csv
3,BFINVEST.csv
4,SBILIFE.csv
5,ABBOTINDIA.csv
6,INDUSTOWER.csv
7,AYMSYNTEX.csv
8,CPSEETF.csv
9,SBIETFQLTY.csv
10,SPANDANA.csv
11,NETF.csv
12,SCI.csv
13,MARATHON.csv
14,MAHINDCIE.csv
15,INDIAMART.csv
16,ALLCARGO.csv
17,ADFFOODS.csv
18,BLKASHYAP.csv
19,SINTERCOM.csv
20,PNBGILTS.csv
21,DHANBANK.csv
22,DYNAMATECH.csv
23,GPIL.csv
24,NILKAMAL.csv
25,TATAMOTORS.csv
26,BANKA.csv
27,HAVELLS.csv
28,LUXIND.csv
29,ROSSELLIND.csv
30,SOUTHBANK.csv
31,PGIL.csv
32,ELECON.csv
33,ESCORTS.csv
34,CAPTRUST.csv
35,NUCLEUS.csv
36,INDLMETER.csv
37,SUMMITSEC.csv
38,PLASTIBLEN.csv
39,KHADIM.csv
40,ICIL.csv
41,GESHIP.csv
42,HEG.csv
43,GENUSPOWER.csv
44,SBIETFPB.csv
45,ONMOBILE.csv
46,RAYMOND.csv
47,UNIONBANK.csv
48,HONAUT.csv
49,OIL.csv
50,SHREERAMA.csv
51,OAL.csv
52,KSB.csv
53,DHAMPURSUG.csv
54,MOLDTECH.csv
55,NHPC.csv
56,WILLAMAGOR.csv
57,TVSELECT.csv
58,SALASAR.csv
59,PNC.csv
60,ASTRAMICRO.csv
61,FINEORG.csv
62,SOBHA.csv
63,SEYAIND.csv
64,TATAELXSI.csv
65,RAMASTEEL.csv
66,NOVARTIND.csv
67,DHUNINV.csv
68,LICNETFSEN.csv
69,MUKANDLTD.csv
70,ANDHRSUGAR.csv
71,HMVL.csv
72,IRFC.csv
73,INOXLEISUR.csv
74,CALSOFT.csv
75,HOVS.csv
76,AARTISURF.csv
77,DCAL.csv
78,IFBAGRO.csv
79,SUNTECK.csv
80,HERITGFOOD.csv
81,POLYCAB.csv
82,HITECHGEAR.csv
83,DAAWAT.csv
84,GALAXYSURF.csv
85,TCPLPACK.csv
86,VARDHACRLC.csv
87,RPPINFRA.csv
88,STARCEMENT.csv
89,AVADHSUGAR.csv
90,APARINDS.csv
91,KITEX.csv
92,TATAMETALI.csv
93,CASTROLIND.csv
94,APOLSINHOT.csv
95,JSWSTEEL.csv
96,NCC.csv
97,AKSHARCHEM.csv
98,BLUECHIP.csv
99,TIINDIA.csv
100,CARERATING.csv
101,EROSMEDIA.csv
102,MAXVIL.csv
103,MANGALAM.csv
104,GOKEX.csv
105,INDOTECH.csv
106,TEXRAIL.csv
107,IVZINNIFTY.csv
108,ICICIGOLD.csv
109,SALSTEEL.csv
110,BANARBEADS.csv
111,GICRE.csv
112,OFSS.csv
113,RALLIS.csv
114,SHANKARA.csv
115,PRINCEPIPE.csv
116,VARROC.csv
117,MANALIPETC.csv
118,CCCL.csv
119,PENINLAND.csv
120,TIPSINDLTD.csv
121,SPMLINFRA.csv
122,ICICIB22.csv
123,INDBANK.csv
124,RML.csv
125,SOLARA.csv
126,GREENPOWER.csv
127,ASAHIINDIA.csv
128,CAMLINFINE.csv
129,DTIL.csv
130,PNCINFRA.csv
131,NPBET.csv
132,IDFCFIRSTB.csv
133,KUANTUM.csv
134,NEXTMEDIA.csv
135,RIIL.csv
136,JMA.csv
137,PURVA.csv
138,DEN.csv
139,MBLINFRA.csv
140,FSC.csv
141,PCJEWELLER.csv
142,VINATIORGA.csv
143,GILLETTE.csv
144,SHRENIK.csv
145,PODDARMENT.csv
146,GUJALKALI.csv
147,ABCAPITAL.csv
148,SASKEN.csv
149,SMSLIFE.csv
150,CANFINHOME.csv
151,ORIENTALTL.csv
152,LOKESHMACH.csv
153,SAKAR.csv
154,SBIN.csv
155,SPENCERS.csv
156,RKFORGE.csv
157,NELCAST.csv
158,IRB.csv
159,IFCI.csv
160,BHANDARI.csv
161,MOLDTKPAC.csv
162,PSPPROJECT.csv
163,VETO.csv
164,ORBTEXP.csv
165,EMKAY.csv
166,COROMANDEL.csv
167,RANEHOLDIN.csv
168,MAHEPC.csv
169,GAYAHWS.csv
170,CORALFINAC.csv
171,INTENTECH.csv
172,SIMBHALS.csv
173,SUBROS.csv
174,SHOPERSTOP.csv
175,NIRAJ.csv
176,RNAVAL.csv
177,OPTIEMUS.csv
178,VISHWARAJ.csv
179,ARCHIDPLY.csv
180,MANXT50.csv
181,GOLDTECH.csv
182,ALBERTDAVD.csv
183,VEDL.csv
184,AKASH.csv
185,IL&FSTRANS.csv
186,HSCL.csv
187,AXISBANK.csv
188,EIHOTEL.csv
189,FOSECOIND.csv
190,SKIPPER.csv
191,WATERBASE.csv
192,ITI.csv
193,TWL.csv
194,CUBEXTUB.csv
195,JAGRAN.csv
196,INFOBEAN.csv
197,GABRIEL.csv
198,ARIHANTSUP.csv
199,BIGBLOC.csv
200,VGUARD.csv
201,LAMBODHARA.csv
202,GREAVESCOT.csv
203,GUJAPOLLO.csv
204,VISHAL.csv
205,TORNTPHARM.csv
206,SUPREMEENG.csv
207,RMCL.csv
208,ALPHAGEO.csv
209,SREINFRA.csv
210,SNOWMAN.csv
211,AUBANK.csv
212,BALPHARMA.csv
213,GILLANDERS.csv
214,ADANIPOWER.csv
215,ZODIACLOTH.csv
216,ORISSAMINE.csv
217,KAKATCEM.csv
218,SHRADHA.csv
219,MUTHOOTFIN.csv
220,ARTEMISMED.csv
221,HAPPSTMNDS.csv
222,MANAKSTEEL.csv
223,BRFL.csv
224,SPTL.csv
225,POWERINDIA.csv
226,RCF.csv
227,PRESTIGE.csv
228,WONDERLA.csv
229,JOCIL.csv
230,EVEREADY.csv
231,LGBFORGE.csv
232,GODREJAGRO.csv
233,ESSARSHPNG.csv
234,GEEKAYWIRE.csv
235,KIRIINDUS.csv
236,LIQUIDBEES.csv
237,RUCHIRA.csv
238,CIPLA.csv
239,LOVABLE.csv
240,NAM-INDIA.csv
241,FLUOROCHEM.csv
242,BBL.csv
243,THEINVEST.csv
244,SARDAEN.csv
245,AMBIKCO.csv
246,IRCON.csv
247,AKSHOPTFBR.csv
248,BANCOINDIA.csv
249,VISASTEEL.csv
250,MARALOVER.csv
251,PRAJIND.csv
252,SUPERSPIN.csv
253,ULTRACEMCO.csv
254,AHLEAST.csv
255,GKWLIMITED.csv
256,CYBERTECH.csv
257,DRREDDY.csv
258,GTLINFRA.csv
259,ZEEL.csv
260,SANWARIA.csv
261,MEGASOFT.csv
262,ZOTA.csv
263,NOIDATOLL.csv
264,SHAREINDIA.csv
265,UJJIVANSFB.csv
266,CCL.csv
267,ARMANFIN.csv
268,TIMESGTY.csv
269,WHIRLPOOL.csv
270,TIL.csv
271,SHREYAS.csv
272,TREEHOUSE.csv
273,ANUP.csv
274,RELIANCE.csv
275,GODREJIND.csv
276,VAKRANGEE.csv
277,BHEL.csv
278,MFSL.csv
279,NETWORK18.csv
280,AAKASH.csv
281,SOMANYCERA.csv
282,KERNEX.csv
283,BLS.csv
284,ICICIBANK.csv
285,PARACABLES.csv
286,INDOTHAI.csv
287,NIFTYBEES.csv
288,LGBBROSLTD.csv
289,JAYAGROGN.csv
290,AJMERA.csv
291,SHARIABEES.csv
292,PANAMAPET.csv
293,TITAN.csv
294,MGL.csv
295,HNDFDS.csv
296,MOHOTAIND.csv
297,SPICEJET.csv
298,ARVIND.csv
299,GLOBE.csv
300,HCG.csv
301,TVTODAY.csv
302,GOENKA.csv
303,GANGESSECU.csv
304,ATLANTA.csv
305,INFOMEDIA.csv
306,THERMAX.csv
307,TCIEXP.csv
308,ICICISENSX.csv
309,RAMKY.csv
310,DONEAR.csv
311,TRIL.csv
312,DISHTV.csv
313,REPRO.csv
314,INDRAMEDCO.csv
315,AARTIIND.csv
316,URJA.csv
317,MANUGRAPH.csv
318,SANGAMIND.csv
319,ANDHRAPAP.csv
320,NDGL.csv
321,KOTAKGOLD.csv
322,ARSSINFRA.csv
323,SHALBY.csv
324,FSL.csv
325,TTML.csv
326,HINDPETRO.csv
327,KIRLFER.csv
328,J&KBANK.csv
329,KHAICHEM.csv
330,KANPRPLA.csv
331,KOTARISUG.csv
332,CROMPTON.csv
333,JSWISPL.csv
334,SANDESH.csv
335,MTNL.csv
336,IGPL.csv
337,BSOFT.csv
338,CONFIPET.csv
339,ECLERX.csv
340,DALBHARAT.csv
341,KALPATPOWR.csv
342,DGCONTENT.csv
343,RSWM.csv
344,PREMEXPLN.csv
345,SANGINITA.csv
346,SUNFLAG.csv
347,JINDRILL.csv
348,HILTON.csv
349,IDFNIFTYET.csv
350,WEALTH.csv
351,SETF10GILT.csv
352,CENTRUM.csv
353,SHILPAMED.csv
354,GUJRAFFIA.csv
355,DCMNVL.csv
356,LIBAS.csv
357,MMP.csv
358,BHAGERIA.csv
359,EPL.csv
360,HEIDELBERG.csv
361,HINDNATGLS.csv
362,IMFA.csv
363,LUMAXIND.csv
364,RAMCOIND.csv
365,MAXIND.csv
366,ICICINIFTY.csv
367,BEPL.csv
368,DPSCLTD.csv
369,SETFNIF50.csv
370,WELINV.csv
371,CCHHL.csv
372,SHRIPISTON.csv
373,DUCON.csv
374,ASHIMASYN.csv
375,TATASTLLP.csv
376,TVSMOTOR.csv
377,SUMIT.csv
378,SHIVATEX.csv
379,METALFORGE.csv
380,RICOAUTO.csv
381,EMAMILTD.csv
382,ANANTRAJ.csv
383,HEMIPROP.csv
384,MUNJALAU.csv
385,SASTASUNDR.csv
386,IVC.csv
387,KEERTI.csv
388,PRAENG.csv
389,CLNINDIA.csv
390,SPYL.csv
391,BODALCHEM.csv
392,GTPL.csv
393,IOC.csv
394,MARUTI.csv
395,SFL.csv
396,REPCOHOME.csv
397,AGROPHOS.csv
398,JITFINFRA.csv
399,TREJHARA.csv
400,MANGLMCEM.csv
401,3MINDIA.csv
402,TANLA.csv
403,CELEBRITY.csv
404,BANDHANBNK.csv
405,TEJASNET.csv
406,HMT.csv
407,EXCEL.csv
408,POKARNA.csv
409,JSWENERGY.csv
410,EXCELINDUS.csv
411,PALASHSECU.csv
412,MBAPL.csv
413,GIPCL.csv
414,BIRLACORPN.csv
415,ASHAPURMIN.csv
416,GENESYS.csv
417,MASFIN.csv
418,CAPACITE.csv
419,BDL.csv
420,CONTROLPR.csv
421,SCHAND.csv
422,BAYERCROP.csv
423,KOKUYOCMLN.csv
424,EMAMIREAL.csv
425,SOUTHWEST.csv
426,SIGIND.csv
427,ICICITECH.csv
428,NTPC.csv
429,LYKALABS.csv
430,UMANGDAIRY.csv
431,NKIND.csv
432,TATAINVEST.csv
433,ENGINERSIN.csv
434,RAJRATAN.csv
435,ALKALI.csv
436,BSL.csv
437,MPHASIS.csv
438,INSECTICID.csv
439,HINDALCO.csv
440,AWHCL.csv
441,TI.csv
442,DHANI.csv
443,CREATIVE.csv
444,ASIANTILES.csv
445,AARVI.csv
446,MALUPAPER.csv
447,SHARDAMOTR.csv
448,AUROPHARMA.csv
449,JUSTDIAL.csv
450,SETFNIFBK.csv
451,EDUCOMP.csv
452,ADANITRANS.csv
453,TATACOMM.csv
454,TECHNOE.csv
455,SURYALAXMI.csv
456,SUNCLAYLTD.csv
457,ATULAUTO.csv
458,AMJLAND.csv
459,INGERRAND.csv
460,JKIL.csv
461,COMPUSOFT.csv
462,SIMPLEXINF.csv
463,MANAPPURAM.csv
464,TIJARIA.csv
465,WEIZMANIND.csv
466,ORIENTPPR.csv
467,SUPREMEIND.csv
468,MANAKSIA.csv
469,VISHNU.csv
470,GFLLIMITED.csv
471,GOLDIAM.csv
472,SUNDRMBRAK.csv
473,COLPAL.csv
474,SRPL.csv
475,INDUSINDBK.csv
476,KEI.csv
477,SRTRANSFIN.csv
478,KNRCON.csv
479,KANANIIND.csv
480,NAVKARCORP.csv
481,VSTIND.csv
482,OSWALAGRO.csv
483,APEX.csv
484,CINELINE.csv
485,BAGFILMS.csv
486,JASH.csv
487,ATGL.csv
488,TTL.csv
489,SANGHIIND.csv
490,VENUSREM.csv
491,KIRLOSIND.csv
492,IRCTC.csv
493,MPSLTD.csv
494,ICEMAKE.csv
495,ORIENTHOT.csv
496,ORIENTLTD.csv
497,DWARKESH.csv
498,DFMFOODS.csv
499,NRAIL.csv
500,TATACHEM.csv
501,LYPSAGEMS.csv
502,INVENTURE.csv
503,BPL.csv
504,PRECWIRE.csv
505,RVNL.csv
506,KICL.csv
507,TASTYBITE.csv
508,ORIENTCEM.csv
509,DCW.csv
510,GALLANTT.csv
511,AURIONPRO.csv
512,IBMFNIFTY.csv
513,RPOWER.csv
514,KARMAENG.csv
515,LAXMIMACH.csv
516,THOMASCOOK.csv
517,BRITANNIA.csv
518,UMESLTD.csv
519,BIRLATYRE.csv
520,TARMAT.csv
521,BANKINDIA.csv
522,GLOBUSSPR.csv
523,GTL.csv
524,NITCO.csv
525,AUSOMENT.csv
526,SECURKLOUD.csv
527,SRF.csv
528,KSL.csv
529,ALMONDZ.csv
530,LUPIN.csv
531,JINDALSTEL.csv
532,XELPMOC.csv
533,EQUITASBNK.csv
534,IDBI.csv
535,NESTLEIND.csv
536,MRPL.csv
537,GAL.csv
538,UNITEDTEA.csv
539,BPCL.csv
540,TCNSBRANDS.csv
541,MAGNUM.csv
542,CHENNPETRO.csv
543,GREENLAM.csv
544,TVVISION.csv
545,CREST.csv
546,EBBETF0425.csv
547,CUMMINSIND.csv
548,UTINIFTETF.csv
549,AFFLE.csv
550,JINDALPOLY.csv
551,RESPONIND.csv
552,ANDHRACEMT.csv
553,TCI.csv
554,AUTOAXLES.csv
555,EIDPARRY.csv
556,ISEC.csv
557,REVATHI.csv
558,GET&D.csv
559,CONSOFINVT.csv
560,KANORICHEM.csv
561,GHCL.csv
562,JSWHL.csv
563,SAKHTISUG.csv
564,ASTEC.csv
565,RVHL.csv
566,ACCELYA.csv
567,TANTIACONS.csv
568,INEOSSTYRO.csv
569,NAGREEKEXP.csv
570,CTE.csv
571,RAJESHEXPO.csv
572,UCALFUEL.csv
573,ZEELEARN.csv
574,DIAMONDYD.csv
575,VSTTILLERS.csv
576,MONTECARLO.csv
577,PUNJABCHEM.csv
578,BAJFINANCE.csv
579,PIONDIST.csv
580,BHARTIARTL.csv
581,RITES.csv
582,BANSWRAS.csv
583,SILINV.csv
584,HIKAL.csv
585,ANKITMETAL.csv
586,AXISGOLD.csv
587,PPAP.csv
588,DECCANCE.csv
589,HCLTECH.csv
590,SAGARDEEP.csv
591,DAMODARIND.csv
592,CHOLAFIN.csv
593,JKCEMENT.csv
594,UFLEX.csv
595,TIMKEN.csv
596,POLYPLEX.csv
597,KANSAINER.csv
598,SILLYMONKS.csv
599,BIOCON.csv
600,SETCO.csv
601,ZENITHEXPO.csv
602,PRECOT.csv
603,KOTAKBANK.csv
604,SAKUMA.csv
605,UNIVPHOTO.csv
606,BALMLAWRIE.csv
607,GODHA.csv
608,JETAIRWAYS.csv
609,FIEMIND.csv
610,VIKASWSP.csv
611,HISARMETAL.csv
612,ARIES.csv
613,BIRLACABLE.csv
614,SHREEPUSHK.csv
615,SICAL.csv
616,MAN50ETF.csv
617,GUJGASLTD.csv
618,XPROINDIA.csv
619,GPTINFRA.csv
620,AVANTIFEED.csv
621,DPABHUSHAN.csv
622,JINDALPHOT.csv
623,HDIL.csv
624,ICICINF100.csv
625,SUMICHEM.csv
626,MCDOWELL-N.csv
627,MAITHANALL.csv
628,GRINDWELL.csv
629,SOMATEX.csv
630,FCONSUMER.csv
631,SMSPHARMA.csv
632,BHARATGEAR.csv
633,LAURUSLABS.csv
634,MAHLOG.csv
635,NSIL.csv
636,INDIAGLYCO.csv
637,INDOCO.csv
638,RAMANEWS.csv
639,SOMICONVEY.csv
640,CGCL.csv
641,HARRMALAYA.csv
642,UNIDT.csv
643,JUBLFOOD.csv
644,IBULHSGFIN.csv
645,HESTERBIO.csv
646,M&MFIN.csv
647,SURANASOL.csv
648,ONELIFECAP.csv
649,SUMEETINDS.csv
650,FLFL.csv
651,JCHAC.csv
652,MAHSCOOTER.csv
653,SHAHALLOYS.csv
654,ADVENZYMES.csv
655,PATELENG.csv
656,REFEX.csv
657,SDBL.csv
658,SKIL.csv
659,RELINFRA.csv
660,VBL.csv
661,INDSWFTLAB.csv
662,MARINE.csv
663,RHFL.csv
664,DPWIRES.csv
665,DIXON.csv
666,FDC.csv
667,SWANENERGY.csv
668,POWERGRID.csv
669,FELDVR.csv
670,HCL-INSYS.csv
671,ELECTCAST.csv
672,MATRIMONY.csv
673,WSI.csv
674,MUKTAARTS.csv
675,JISLJALEQS.csv
676,AEGISCHEM.csv
677,LASA.csv
678,FLEXITUFF.csv
679,IDBIGOLD.csv
680,EKC.csv
681,APLAPOLLO.csv
682,ATUL.csv
683,JPASSOCIAT.csv
684,LEMONTREE.csv
685,SUDARSCHEM.csv
686,RENUKA.csv
687,CYIENT.csv
688,AIRAN.csv
689,CHOLAHLDNG.csv
690,LIBERTSHOE.csv
691,NEULANDLAB.csv
692,UTIBANKETF.csv
693,BIOFILCHEM.csv
694,TERASOFT.csv
695,TINPLATE.csv
696,EDELWEISS.csv
697,KKCL.csv
698,NILAINFRA.csv
699,SUBCAPCITY.csv
700,VOLTAS.csv
701,KESORAMIND.csv
702,FACT.csv
703,TARC.csv
704,FMNL.csv
705,NRBBEARING.csv
706,TIRUPATIFL.csv
707,DSSL.csv
708,SSWL.csv
709,APOLLOPIPE.csv
710,STEL.csv
711,THEMISMED.csv
712,REMSONSIND.csv
713,MASTEK.csv
714,ZUARI.csv
715,ASTRON.csv
716,SHYAMCENT.csv
717,BLBLIMITED.csv
718,AMARAJABAT.csv
719,MAHABANK.csv
720,ALLSEC.csv
721,SJVN.csv
722,FAIRCHEMOR.csv
723,GOKUL.csv
724,JINDALSAW.csv
725,BAFNAPH.csv
726,ALPSINDUS.csv
727,OCCL.csv
728,LT.csv
729,BAJAJ-AUTO.csv
730,HAVISHA.csv
731,LTI.csv
732,SCHNEIDER.csv
733,UBL.csv
734,PREMIERPOL.csv
735,KOTAKNV20.csv
736,NIPPOBATRY.csv
737,RAIN.csv
738,SEQUENT.csv
739,NIITLTD.csv
740,PPL.csv
741,BCG.csv
742,BEDMUTHA.csv
743,BANKBARODA.csv
744,JAIBALAJI.csv
745,NH.csv
746,ARROWGREEN.csv
747,GOCLCORP.csv
748,BAJAJHLDNG.csv
749,DELTAMAGNT.csv
750,ORIENTELEC.csv
751,NBIFIN.csv
752,RUSHIL.csv
753,THANGAMAYL.csv
754,ALEMBICLTD.csv
755,IOB.csv
756,GENUSPAPER.csv
757,AGRITECH.csv
758,NAHARCAP.csv
759,ABFRL.csv
760,JAYBARMARU.csv
761,JAGSNPHARM.csv
762,AHLADA.csv
763,GAIL.csv
764,SOLARINDS.csv
765,GANECOS.csv
766,ASPINWALL.csv
767,BEARDSELL.csv
768,STAR.csv
769,SWELECTES.csv
770,PEL.csv
771,GOLDSHARE.csv
772,ORTEL.csv
773,POLYMED.csv
774,NFL.csv
775,SYMPHONY.csv
776,HIRECT.csv
777,DMART.csv
778,CENTURYPLY.csv
779,TEAMLEASE.csv
780,HATSUN.csv
781,HDFCAMC.csv
782,TOTAL.csv
783,LTTS.csv
784,WINDMACHIN.csv
785,KAJARIACER.csv
786,SYNGENE.csv
787,BALAJITELE.csv
788,FCL.csv
789,KOTAKBKETF.csv
790,ARENTERP.csv
791,AXISCADES.csv
792,ELGIEQUIP.csv
793,VIPIND.csv
794,SMLISUZU.csv
795,PRICOLLTD.csv
796,IIFLSEC.csv
797,VASWANI.csv
798,ENIL.csv
799,PFIZER.csv
800,CANTABIL.csv
801,CLEDUCATE.csv
802,DELTACORP.csv
803,DBREALTY.csv
804,TATAMTRDVR.csv
805,BAJAJHIND.csv
806,SUPRAJIT.csv
807,RGL.csv
808,GINNIFILA.csv
809,CERA.csv
810,PATINTLOG.csv
811,EXPLEOSOL.csv
812,BINDALAGRO.csv
813,ONWARDTEC.csv
814,NITINSPIN.csv
815,MEP.csv
816,MOREPENLAB.csv
817,IGARASHI.csv
818,SEAMECLTD.csv
819,BECTORFOOD.csv
820,TGBHOTELS.csv
821,TIMETECHNO.csv
822,GARFIBRES.csv
823,MAYURUNIQ.csv
824,DBCORP.csv
825,BYKE.csv
826,GODFRYPHLP.csv
827,CHAMBLFERT.csv
828,BHAGYAPROP.csv
829,CAREERP.csv
830,NIBL.csv
831,KPRMILL.csv
832,MITTAL.csv
833,FEL.csv
834,BROOKS.csv
835,CEATLTD.csv
836,MANINDS.csv
837,RANEENGINE.csv
838,HUBTOWN.csv
839,PSB.csv
840,ALOKINDS.csv
841,JKPAPER.csv
842,SPAL.csv
843,NBCC.csv
844,UNIVASTU.csv
845,GODREJCP.csv
846,HDFC.csv
847,DEEPAKFERT.csv
848,AMDIND.csv
849,ICICI500.csv
850,UGARSUGAR.csv
851,AAVAS.csv
852,LICNETFN50.csv
853,ICICILOVOL.csv
854,MOTILALOFS.csv
855,APOLLO.csv
856,NOCIL.csv
857,HGS.csv
858,MELSTAR.csv
859,ICICIALPLV.csv
860,RAMCOCEM.csv
861,JPPOWER.csv
862,OLECTRA.csv
863,EBBETF0430.csv
864,EXIDEIND.csv
865,INSPIRISYS.csv
866,PIDILITIND.csv
867,BURNPUR.csv
868,JMFINANCIL.csv
869,MURUDCERA.csv
870,BUTTERFLY.csv
871,HITECH.csv
872,BVCL.csv
873,VIVIDHA.csv
874,BALKRISHNA.csv
875,PTL.csv
876,LUMAXTECH.csv
877,VTL.csv
878,ICRA.csv
879,BGRENERGY.csv
880,NIACL.csv
881,WHEELS.csv
882,SPECIALITY.csv
883,MARKSANS.csv
884,WOCKPHARMA.csv
885,L&TFH.csv
886,ELGIRUBCO.csv
887,UJAAS.csv
888,TTKHLTCARE.csv
889,TNPETRO.csv
890,SUNDARMFIN.csv
891,NLCINDIA.csv
892,GSS.csv
893,KARURVYSYA.csv
894,DIGISPICE.csv
895,BAJAJFINSV.csv
896,KAMATHOTEL.csv
897,ROSSARI.csv
898,BASF.csv
899,ASIANPAINT.csv
900,JUBLINDS.csv
901,VESUVIUS.csv
902,DOLLAR.csv
903,GRASIM.csv
904,VIKASECO.csv
905,MANGCHEFER.csv
906,KINGFA.csv
907,PGEL.csv
908,SAFARI.csv
909,PONNIERODE.csv
910,AROGRANITE.csv
911,ASALCBR.csv
912,ITC.csv
913,QUICKHEAL.csv
914,VERTOZ.csv
915,KOTHARIPET.csv
916,SUVEN.csv
917,GULPOLY.csv
918,BSLNIFTY.csv
919,IL&FSENGG.csv
920,MACPOWER.csv
921,HITECHCORP.csv
922,INDIACEM.csv
923,APCOTEXIND.csv
924,PEARLPOLY.csv
925,ASAL.csv
926,HINDOILEXP.csv
927,RUBYMILLS.csv
928,HAL.csv
929,CUPID.csv
930,SETFNN50.csv
931,CRISIL.csv
932,MADHAV.csv
933,GLENMARK.csv
934,INDSWFTLTD.csv
935,MAHESHWARI.csv
936,BBTC.csv
937,EMMBI.csv
938,HINDUNILVR.csv
939,KEYFINSERV.csv
940,PODDARHOUS.csv
941,RAJTV.csv
942,WELCORP.csv
943,ONGC.csv
944,VLSFINANCE.csv
945,AXISNIFTY.csv
946,PKTEA.csv
947,ICICINXT50.csv
948,VADILALIND.csv
949,IMAGICAA.csv
950,TVSSRICHAK.csv
951,ISMTLTD.csv
952,RSYSTEMS.csv
953,FCSSOFT.csv
954,SETFGOLD.csv
955,DREDGECORP.csv
956,SPIC.csv
957,AHLUCONT.csv
958,HIMATSEIDE.csv
959,SADBHAV.csv
960,LAKPRE.csv
961,TAJGVK.csv
962,NELCO.csv
963,RAMCOSYS.csv
964,IFBIND.csv
965,CAMS.csv
966,TFCILTD.csv
967,SPENTEX.csv
968,GNFC.csv
969,FILATEX.csv
970,FMGOETZE.csv
971,SBICARD.csv
972,IEX.csv
973,CHEMBOND.csv
974,TRENT.csv
975,ANIKINDS.csv
976,BIRLAMONEY.csv
977,HGINFRA.csv
978,HINDCOMPOS.csv
979,BHARATRAS.csv
980,CREDITACC.csv
981,VASCONEQ.csv
982,NDTV.csv
983,DENORA.csv
984,GEOJITFSL.csv
985,BCP.csv
986,JAYSREETEA.csv
987,ENERGYDEV.csv
988,LPDC.csv
989,ROML.csv
990,FRETAIL.csv
991,DHANUKA.csv
992,NAGAFERT.csv
993,ROUTE.csv
994,SANGHVIMOV.csv
995,5PAISA.csv
996,CHALET.csv
997,FINPIPE.csv
998,SANDHAR.csv
999,DICIND.csv
1000,SESHAPAPER.csv
1001,UTISENSETF.csv
1002,UTISXN50.csv
1003,RADIOCITY.csv
1004,TATACOFFEE.csv
1005,INDOSTAR.csv
1006,ABSLNN50ET.csv
1007,MGEL.csv
1008,SBIETFIT.csv
1009,STAMPEDE.csv
1010,AVTNPL.csv
1011,NAVINFLUOR.csv
1012,SABTN.csv
1013,GRSE.csv
1014,BHARATFORG.csv
1015,FORCEMOT.csv
1016,PGHH.csv
1017,AJANTPHARM.csv
1018,BLISSGVS.csv
1019,APOLLOTYRE.csv
1020,CENTENKA.csv
1021,LOTUSEYE.csv
1022,SUNPHARMA.csv
1023,IZMO.csv
1024,KAPSTON.csv
1025,HPL.csv
1026,GRAVITA.csv
1027,INTELLECT.csv
1028,MMFL.csv
1029,MOTOGENFIN.csv
1030,SAGCEM.csv
1031,BHARATWIRE.csv
1032,GMRINFRA.csv
1033,LINDEINDIA.csv
1034,PITTIENG.csv
1035,BANARISUG.csv
1036,ICICIBANKN.csv
1037,SUNDARMHLD.csv
1038,CENTEXT.csv
1039,GODREJPROP.csv
1040,KILITCH.csv
1041,HDFCLIFE.csv
1042,BRNL.csv
1043,RSSOFTWARE.csv
1044,AARON.csv
1045,KOTHARIPRO.csv
1046,NILASPACES.csv
1047,MTEDUCARE.csv
1048,ALKYLAMINE.csv
1049,WORTH.csv
1050,MANINFRA.csv
1051,ORIENTBELL.csv
1052,MSPL.csv
1053,SHARDACROP.csv
1054,STEELXIND.csv
1055,JAMNAAUTO.csv
1056,ARSHIYA.csv
1057,RECLTD.csv
1058,KMSUGAR.csv
1059,VAISHALI.csv
1060,CANBK.csv
1061,POWERMECH.csv
1062,KAMDHENU.csv
1063,MMTC.csv
1064,PFC.csv
1065,EQUITAS.csv
1066,ICICILIQ.csv
1067,KELLTONTEC.csv
1068,IITL.csv
1069,JSL.csv
1070,BALAMINES.csv
1071,BHAGYANGR.csv
1072,NCLIND.csv
1073,PALREDTEC.csv
1074,RELCAPITAL.csv
1075,VISAKAIND.csv
1076,APOLLOHOSP.csv
1077,WANBURY.csv
1078,VHL.csv
1079,KCP.csv
1080,GPPL.csv
1081,GOLDENTOBC.csv
1082,ZENSARTECH.csv
1083,ALICON.csv
1084,AGARIND.csv
1085,GMBREW.csv
1086,NAHARSPING.csv
1087,HBSL.csv
1088,CHEMFAB.csv
1089,AMBER.csv
1090,KALYANIFRG.csv
1091,AUTOIND.csv
1092,DABUR.csv
1093,SONATSOFTW.csv
1094,SAKSOFT.csv
1095,ZENITHSTL.csv
1096,ACC.csv
1097,SHAKTIPUMP.csv
1098,INDNIPPON.csv
1099,PRESSMN.csv
1100,MENONBE.csv
1101,QNIFTY.csv
1102,STERTOOLS.csv
1103,TOKYOPLAST.csv
1104,PERSISTENT.csv
1105,DATAMATICS.csv
1106,BIL.csv
1107,KOTAKNIFTY.csv
1108,VIPCLOTHNG.csv
1109,PANACHE.csv
1110,V2RETAIL.csv
1111,NAHARPOLY.csv
1112,ZENTEC.csv
1113,RELIGARE.csv
1114,ADL.csv
1115,SPCENET.csv
1116,ASTERDM.csv
1117,MCX.csv
1118,EIHAHOTELS.csv
1119,BOSCHLTD.csv
1120,APCL.csv
1121,SAREGAMA.csv
1122,ZYDUSWELL.csv
1123,HATHWAY.csv
1124,WABAG.csv
1125,SANCO.csv
1126,NAVNETEDUL.csv
1127,SHREYANIND.csv
1128,LICHSGFIN.csv
1129,SUNTV.csv
1130,NECCLTD.csv
1131,JPOLYINVST.csv
1132,ROLLT.csv
1133,DEEPENR.csv
1134,HEROMOTOCO.csv
1135,CMICABLES.csv
1136,HDFCMFGETF.csv
1137,SHIVAMAUTO.csv
1138,PNB.csv
1139,PENIND.csv
1140,RCOM.csv
1141,ZEEMEDIA.csv
1142,ADANIPORTS.csv
1143,LICNFNHGP.csv
1144,NAHARINDUS.csv
1145,SATIA.csv
1146,JIKIND.csv
1147,BALAXI.csv
1148,CENTURYTEX.csv
1149,NESCO.csv
1150,INFRABEES.csv
1151,RANASUG.csv
1152,KSCL.csv
1153,SKFINDIA.csv
1154,HINDMOTORS.csv
1155,JINDWORLD.csv
1156,MINDACORP.csv
1157,SANOFI.csv
1158,VARDMNPOLY.csv
1159,DANGEE.csv
1160,NEWGEN.csv
1161,ICICIBANKP.csv
1162,IVP.csv
1163,MCL.csv
1164,HNGSNGBEES.csv
1165,NAUKRI.csv
1166,RATNAMANI.csv
1167,IBREALEST.csv
1168,UNIENTER.csv
1169,ADROITINFO.csv
1170,HERCULES.csv
1171,DEEPAKNTR.csv
1172,MODIRUBBER.csv
1173,USHAMART.csv
1174,GLOBALVECT.csv
1175,BERGEPAINT.csv
1176,SCHAEFFLER.csv
1177,GMMPFAUDLR.csv
1178,EICHERMOT.csv
1179,EBBETF0423.csv
1180,AMRUTANJAN.csv
1181,MINDTECK.csv
1182,SATIN.csv
1183,SIEMENS.csv
1184,RUPA.csv
1185,JKTYRE.csv
1186,YESBANK.csv
1187,ICICIM150.csv
1188,INFY.csv
1189,TIDEWATER.csv
1190,GANDHITUBE.csv
1191,ITDCEM.csv
1192,JMCPROJECT.csv
1193,CENTUM.csv
1194,GRPLTD.csv
1195,TATAPOWER.csv
1196,INDTERRAIN.csv
1197,KECL.csv
1198,MIRCELECTR.csv
1199,KOLTEPATIL.csv
1200,AMBUJACEM.csv
1201,HCC.csv
1202,COFORGE.csv
1203,DVL.csv
1204,MSTCLTD.csv
1205,PREMIER.csv
1206,HEXATRADEX.csv
1207,MANAKALUCO.csv
1208,UCOBANK.csv
1209,CDSL.csv
1210,SHIVAMILLS.csv
1211,COCHINSHIP.csv
1212,INDIGO.csv
1213,THOMASCOTT.csv
1214,FORTIS.csv
1215,DCMSHRIRAM.csv
1216,PRAKASHSTL.csv
1217,ACCURACY.csv
1218,HINDZINC.csv
1219,GRANULES.csv
1220,MAHLIFE.csv
1221,PROZONINTU.csv
1222,JBCHEPHARM.csv
1223,PVR.csv
1224,AARTIDRUGS.csv
1225,SARLAPOLY.csv
1226,TBZ.csv
1227,COMPINFO.csv
1228,VSSL.csv
1229,NATIONALUM.csv
1230,IOLCP.csv
1231,JBMA.csv
1232,LSIL.csv
1233,TRIVENI.csv
1234,DCM.csv
1235,ASHIANA.csv
1236,RTNPOWER.csv
1237,AIAENG.csv
1238,PARAGMILK.csv
1239,ASTRAL.csv
1240,NDL.csv
1241,BEML.csv
1242,CORDSCABLE.csv
1243,JAICORPLTD.csv
1244,GAYAPROJ.csv
1245,WEBELSOLAR.csv
1246,GREENPLY.csv
1247,SUULD.csv
1248,LINCOLN.csv
1249,ORCHPHARMA.csv
1250,SKMEGGPROD.csv
1251,MAHSEAMLES.csv
1252,LALPATHLAB.csv
1253,NMDC.csv
1254,KIOCL.csv
1255,VALIANTORG.csv
1256,GUFICBIO.csv
1257,SHREECEM.csv
1258,ITDC.csv
1259,PRSMJOHNSN.csv
1260,MOIL.csv
1261,SHREDIGCEM.csv
1262,DIVISLAB.csv
1263,SADBHIN.csv
1264,ICICIMCAP.csv
1265,GAEL.csv
1266,WIPL.csv
1267,GLOBAL.csv
1268,VINYLINDIA.csv
1269,HLVLTD.csv
1270,SAIL.csv
1271,AXISBNKETF.csv
1272,TRITURBINE.csv
1273,PRIVISCL.csv
1274,JISLDVREQS.csv
1275,SGL.csv
1276,JBFIND.csv
1277,PANACEABIO.csv
1278,SWSOLAR.csv
1279,BLUESTARCO.csv
1280,GATI.csv
1281,SIYSIL.csv
1282,VENKEYS.csv
1283,NATCOPHARM.csv
1284,GULFPETRO.csv
1285,HBLPOWER.csv
1286,TDPOWERSYS.csv
1287,ALKEM.csv
1288,RELAXO.csv
1289,GREENPANEL.csv
1290,TORNTPOWER.csv
1291,GSPL.csv
1292,20MICRONS.csv
1293,ELECTHERM.csv
1294,GSFC.csv
1295,ABSLBANETF.csv
1296,TRF.csv
1297,GOODLUCK.csv
1298,SHEMAROO.csv
1299,UNICHEMLAB.csv
1300,RADICO.csv
1301,UFO.csv
1302,SIL.csv
1303,ARVSMART.csv
1304,KTKBANK.csv
1305,STARPAPER.csv
1306,SUNDARAM.csv
1307,JYOTISTRUC.csv
1308,LICNETFGSC.csv
1309,HINDCOPPER.csv
1310,KIRLOSBROS.csv
1311,SURANAT&P.csv
1312,HBANKETF.csv
1313,PARSVNATH.csv
1314,ONEPOINT.csv
1315,INOXWIND.csv
1316,RBL.csv
1317,JHS.csv
1318,PIIND.csv
1319,KENNAMET.csv
1320,CEREBRAINT.csv
1321,NATHBIOGEN.csv
1322,TEXMOPIPES.csv
1323,MERCATOR.csv
1324,GRAPHITE.csv
1325,GMDCLTD.csv
1326,ICICIPRULI.csv
1327,SCAPDVR.csv
1328,CARBORUNIV.csv
1329,TOUCHWOOD.csv
1330,LAOPALA.csv
1331,MAZDOCK.csv
1332,SETUINFRA.csv
1333,ASHOKLEY.csv
1334,ROHLTD.csv
1335,SAMBHAAV.csv
1336,PNBHOUSING.csv
1337,KOTAKPSUBK.csv
1338,SUVENPHAR.csv
1339,PFOCUS.csv
1340,VINDHYATEL.csv
1341,ANSALAPI.csv
1342,ORICONENT.csv
1343,KAYA.csv
1344,PRAKASH.csv
1345,BALRAMCHIN.csv
1346,ISFT.csv
1347,PETRONET.csv
1348,PILITA.csv
1349,CENTRALBK.csv
1350,CHEMCON.csv
1351,CYBERMEDIA.csv
1352,TAKE.csv
1353,TCS.csv
1354,BSE.csv
1355,3PLAND.csv
1356,ALPA.csv
1357,WELSPUNIND.csv
1358,XCHANGING.csv
1359,HDFCBANK.csv
1360,DBSTOCKBRO.csv
1361,INDORAMA.csv
1362,IPCALAB.csv
1363,ADVANIHOTR.csv
1364,GOKULAGRO.csv
1365,VIVIMEDLAB.csv
1366,KRISHANA.csv
1367,OBEROIRLTY.csv
1368,METROPOLIS.csv
1369,JKLAKSHMI.csv
1370,OMKARCHEM.csv
1371,JSLHISAR.csv
1372,APLLTD.csv
1373,BSHSL.csv
1374,LIKHITHA.csv
1375,EIMCOELECO.csv
1376,SOTL.csv
1377,ATFL.csv
1378,MIDHANI.csv
1379,MBECL.csv
1380,VMART.csv
1381,ADANIENT.csv
1382,QGOLDHALF.csv
1383,BATAINDIA.csv
1384,KOPRAN.csv
1385,INDIANHUME.csv
1386,KREBSBIO.csv
1387,KHANDSE.csv
1388,SEPOWER.csv
1389,SUZLON.csv
1390,GULFOILLUB.csv
1391,KIRLOSENG.csv
1392,RAJSREESUG.csv
1393,JYOTHYLAB.csv
1394,PRIMESECU.csv
1395,TALBROAUTO.csv
1396,TATASTEEL.csv
1397,EBBETF0431.csv
1398,KRIDHANINF.csv
1399,IMPAL.csv
1400,HIL.csv
1401,REPL.csv
1402,KABRAEXTRU.csv
1403,MAHASTEEL.csv
1404,PDMJEPAPER.csv
1405,BLUEDART.csv
1406,LIQUIDETF.csv
1407,WALCHANNAG.csv
1408,EMAMIPAP.csv
1409,BAJAJELEC.csv
1410,DHARSUGAR.csv
1411,MCLEODRUSS.csv
1412,SPLIL.csv
1413,FEDERALBNK.csv
1414,PRAXIS.csv
1415,GNA.csv
1416,PRECAM.csv
1417,VAIBHAVGBL.csv
1418,INDOWIND.csv
1419,SATHAISPAT.csv
1420,BRIGADE.csv
1421,HDFCNIFETF.csv
1422,OMAXE.csv
1423,SUPERHOUSE.csv
1424,CSBBANK.csv
1425,WELENT.csv
1426,JTEKTINDIA.csv
1427,COALINDIA.csv
1428,IIFLWAM.csv
1429,ARCHIES.csv
1430,PHOENIXLTD.csv
1431,DCBBANK.csv
1432,GANESHHOUC.csv
1433,SITINET.csv
1434,TIIL.csv
1435,CONCOR.csv
1436,SIS.csv
1437,ADORWELD.csv
1438,RPGLIFE.csv
1439,PIONEEREMB.csv
1440,ICICINV20.csv
1441,TNTELE.csv
1442,UTIAMC.csv
1443,GOODYEAR.csv
1444,MAXHEALTH.csv
1445,INDHOTEL.csv
1446,IGL.csv
1447,VIJIFIN.csv
1448,IIFL.csv
1449,BEL.csv
1450,GICHSGFIN.csv
1451,HUDCO.csv
1452,CUB.csv
1453,VIPULLTD.csv
1454,WIPRO.csv
1455,MADRASFERT.csv
1456,UPL.csv
1457,ADANIGREEN.csv
1458,JUNIORBEES.csv
1459,BANKBEES.csv
1460,OILCOUNTUB.csv
1461,BALLARPUR.csv
1462,MHRIL.csv
1463,APTECHT.csv
1464,BAJAJCON.csv
1465,CAPLIPOINT.csv
1466,GOACARBON.csv
1467,KEC.csv
1468,TIRUMALCHM.csv
1469,VOLTAMP.csv
1470,CESC.csv
1471,AKZOINDIA.csv
1472,LFIC.csv
1473,SIRCA.csv
1474,MAZDA.csv
1475,MUTHOOTCAP.csv
1476,A2ZINFRA.csv
1477,21STCENMGM.csv
1478,SPARC.csv
1479,MAHAPEXLTD.csv
1480,MADHUCON.csv
1481,TNPL.csv
1482,DLF.csv
1483,GOLDBEES.csv
1484,NEOGEN.csv
1485,MORARJEE.csv
1486,INDIANB.csv
1487,INFIBEAM.csv
1488,DBL.csv
1489,BOMDYEING.csv
1490,ASAHISONG.csv
1491,NECLIFE.csv
1492,VRLLOG.csv
1493,SHALPAINTS.csv
1494,IFGLEXPOR.csv
1495,MRO-TEK.csv
1496,PGHL.csv
1497,HUHTAMAKI.csv
1498,REDINGTON.csv
1499,HONDAPOWER.csv
1500,TATACONSUM.csv
1501,BASML.csv
1502,MAESGETF.csv
1503,PTC.csv
1504,BFUTILITIE.csv
1505,ASTRAZEN.csv
1506,ABB.csv
1507,TV18BRDCST.csv
1508,ENDURANCE.csv
1509,PAISALO.csv
1510,SUNDRMFAST.csv
1511,IMPEXFERRO.csv
1512,DYNPRO.csv
1513,HDFCSENETF.csv
1514,SURYAROSNI.csv
1515,ADSL.csv
1516,IDEA.csv
1517,DALMIASUG.csv
1518,NATNLSTEEL.csv
1519,ERIS.csv
1520,ABAN.csv
1521,DLINKINDIA.csv
1522,ESABINDIA.csv
1523,PILANIINVS.csv
1524,GLAXO.csv
1525,UTINEXT50.csv
1526,SMARTLINK.csv
1527,THYROCARE.csv
1528,HTMEDIA.csv
1529,SUTLEJTEX.csv
1530,PFS.csv
1531,STLTECH.csv
1532,KPITTECH.csv
1533,BANG.csv
1534,MARICO.csv
1535,QUESS.csv
1536,ICICIGI.csv
1537,VIKASPROP.csv
1538,GLAND.csv
1539,RUCHINFRA.csv
1540,SREEL.csv
1541,INDIANCARD.csv
1542,UNITECH.csv
1543,VICEROY.csv
1544,CINEVISTA.csv
1545,NACLIND.csv
1546,DNAMEDIA.csv
1547,VIMTALABS.csv
1548,GEPIL.csv
1549,TRIGYN.csv
1550,STCINDIA.csv
1551,WESTLIFE.csv
1552,SELAN.csv
1553,EASTSILK.csv
1554,SRHHYPOLTD.csv
1555,ASIANHOTNR.csv
1556,BOROLTD.csv
1557,BSLGOLDETF.csv
1558,IDFC.csv
1559,RKEC.csv
1560,TPLPLASTEH.csv
1561,COUNCODOS.csv
1562,ALANKIT.csv
1563,STEELCITY.csv
1564,RBLBANK.csv
1565,TAINWALCHM.csv
1566,IVZINGOLD.csv
1567,TEXINFRA.csv
1568,63MOONS.csv
1569,OMAXAUTO.csv
1570,UJJIVAN.csv
1571,BALKRISIND.csv
1572,MAGADSUGAR.csv
1573,FINCABLES.csv
1574,SHK.csv
1575,PAGEIND.csv
1576,MRF.csv
1577,TTKPRESTIG.csv
1578,GROBTEA.csv
1579,MIRZAINT.csv
1580,KDDL.csv
1581,RKDL.csv
1582,JAYNECOIND.csv
1583,KCPSUGIND.csv
1584,GSCLCEMENT.csv
1585,UNIVCABLES.csv
1586,WENDT.csv
1587,ORIENTABRA.csv
1588,MAWANASUG.csv
1589,MOHITIND.csv
1590,WSTCSTPAPR.csv
1591,AARVEEDEN.csv
1592,ASHOKA.csv
1593,CIGNITITEC.csv
1594,BORORENEW.csv
1595,HFCL.csv
1596,KRBL.csv
1597,MAANALU.csv
1598,NDRAUTO.csv
1599,TRIDENT.csv
1600,SUBEXLTD.csv
1601,UTTAMSUGAR.csv
1602,SWARAJENG.csv
1603,JPINFRATEC.csv
1604,M&M.csv
1605,GEECEE.csv
1606,VIDHIING.csv
1607,TECHM.csv
1608,EVERESTIND.csv
1609,ROLTA.csv
1610,ACE.csv
1611,NXTDIGITAL.csv
1612,MUNJALSHOW.csv
1613,MANAKCOAT.csv
1614,SALONA.csv
1615,SHANTIGEAR.csv
1616,SALZERELEC.csv
1617,ARVINDFASN.csv
1618,EBANK.csv
